Source,Source_name,Target,Target_name,Type,Id,Label,Weight
1,#makeupartist,2,#makeuptutorial,Undirected,0,,3
1,#makeupartist,3,#makeup,Undirected,1,,3
2,#makeuptutorial,3,#makeup,Undirected,2,,3
1,#makeupartist,4,#makeupideas,Undirected,3,,3
2,#makeuptutorial,4,#makeupideas,Undirected,4,,3
3,#makeup,4,#makeupideas,Undirected,5,,3
1,#makeupartist,5,#morphe,Undirected,6,,3
2,#makeuptutorial,5,#morphe,Undirected,7,,3
3,#makeup,5,#morphe,Undirected,8,,3
4,#makeupideas,5,#morphe,Undirected,9,,3
1,#makeupartist,6,#fentybeauty,Undirected,10,,3
2,#makeuptutorial,6,#fentybeauty,Undirected,11,,3
3,#makeup,6,#fentybeauty,Undirected,12,,3
4,#makeupideas,6,#fentybeauty,Undirected,13,,3
5,#morphe,6,#fentybeauty,Undirected,14,,3
1,#makeupartist,7,#hudabeauty,Undirected,15,,3
2,#makeuptutorial,7,#hudabeauty,Undirected,16,,3
3,#makeup,7,#hudabeauty,Undirected,17,,3
4,#makeupideas,7,#hudabeauty,Undirected,18,,3
5,#morphe,7,#hudabeauty,Undirected,19,,3
6,#fentybeauty,7,#hudabeauty,Undirected,20,,3
1,#makeupartist,8,#bride,Undirected,21,,3
2,#makeuptutorial,8,#bride,Undirected,22,,3
3,#makeup,8,#bride,Undirected,23,,3
4,#makeupideas,8,#bride,Undirected,24,,3
5,#morphe,8,#bride,Undirected,25,,3
6,#fentybeauty,8,#bride,Undirected,26,,3
7,#hudabeauty,8,#bride,Undirected,27,,3
1,#makeupartist,9,#atlmua,Undirected,28,,3
2,#makeuptutorial,9,#atlmua,Undirected,29,,3
3,#makeup,9,#atlmua,Undirected,30,,3
4,#makeupideas,9,#atlmua,Undirected,31,,3
5,#morphe,9,#atlmua,Undirected,32,,3
6,#fentybeauty,9,#atlmua,Undirected,33,,3
7,#hudabeauty,9,#atlmua,Undirected,34,,2
8,#bride,9,#atlmua,Undirected,35,,2
1,#makeupartist,10,#makeupaddict,Undirected,36,,3
2,#makeuptutorial,10,#makeupaddict,Undirected,37,,3
3,#makeup,10,#makeupaddict,Undirected,38,,3
4,#makeupideas,10,#makeupaddict,Undirected,39,,3
5,#morphe,10,#makeupaddict,Undirected,40,,3
6,#fentybeauty,10,#makeupaddict,Undirected,41,,3
7,#hudabeauty,10,#makeupaddict,Undirected,42,,3
8,#bride,10,#makeupaddict,Undirected,43,,3
9,#atlmua,10,#makeupaddict,Undirected,44,,3
1,#makeupartist,11,#wakeupandmakeup,Undirected,45,,3
2,#makeuptutorial,11,#wakeupandmakeup,Undirected,46,,3
3,#makeup,11,#wakeupandmakeup,Undirected,47,,3
4,#makeupideas,11,#wakeupandmakeup,Undirected,48,,3
6,#fentybeauty,11,#wakeupandmakeup,Undirected,49,,3
7,#hudabeauty,11,#wakeupandmakeup,Undirected,50,,3
8,#bride,11,#wakeupandmakeup,Undirected,51,,3
9,#atlmua,11,#wakeupandmakeup,Undirected,52,,3
10,#makeupaddict,11,#wakeupandmakeup,Undirected,53,,3
1,#makeupartist,12,#makeuplooks,Undirected,54,,3
2,#makeuptutorial,12,#makeuplooks,Undirected,55,,3
3,#makeup,12,#makeuplooks,Undirected,56,,3
4,#makeupideas,12,#makeuplooks,Undirected,57,,3
6,#fentybeauty,12,#makeuplooks,Undirected,58,,3
7,#hudabeauty,12,#makeuplooks,Undirected,59,,3
8,#bride,12,#makeuplooks,Undirected,60,,3
9,#atlmua,12,#makeuplooks,Undirected,61,,3
10,#makeupaddict,12,#makeuplooks,Undirected,62,,3
11,#wakeupandmakeup,12,#makeuplooks,Undirected,63,,3
1,#makeupartist,13,#makeupart,Undirected,64,,3
2,#makeuptutorial,13,#makeupart,Undirected,65,,3
3,#makeup,13,#makeupart,Undirected,66,,3
4,#makeupideas,13,#makeupart,Undirected,67,,3
6,#fentybeauty,13,#makeupart,Undirected,68,,3
7,#hudabeauty,13,#makeupart,Undirected,69,,2
8,#bride,13,#makeupart,Undirected,70,,2
9,#atlmua,13,#makeupart,Undirected,71,,3
10,#makeupaddict,13,#makeupart,Undirected,72,,3
11,#wakeupandmakeup,13,#makeupart,Undirected,73,,3
12,#makeuplooks,13,#makeupart,Undirected,74,,3
1,#makeupartist,14,#anastasiabeverlyhills,Undirected,75,,3
2,#makeuptutorial,14,#anastasiabeverlyhills,Undirected,76,,3
3,#makeup,14,#anastasiabeverlyhills,Undirected,77,,3
4,#makeupideas,14,#anastasiabeverlyhills,Undirected,78,,3
6,#fentybeauty,14,#anastasiabeverlyhills,Undirected,79,,3
8,#bride,14,#anastasiabeverlyhills,Undirected,80,,3
11,#wakeupandmakeup,14,#anastasiabeverlyhills,Undirected,81,,3
12,#makeuplooks,14,#anastasiabeverlyhills,Undirected,82,,3
13,#makeupart,14,#anastasiabeverlyhills,Undirected,83,,3
1,#makeupartist,15,#makeuplook,Undirected,84,,3
2,#makeuptutorial,15,#makeuplook,Undirected,85,,3
3,#makeup,15,#makeuplook,Undirected,86,,3
4,#makeupideas,15,#makeuplook,Undirected,87,,3
5,#morphe,15,#makeuplook,Undirected,88,,2
6,#fentybeauty,15,#makeuplook,Undirected,89,,2
8,#bride,15,#makeuplook,Undirected,90,,3
9,#atlmua,15,#makeuplook,Undirected,91,,2
11,#wakeupandmakeup,15,#makeuplook,Undirected,92,,3
12,#makeuplooks,15,#makeuplook,Undirected,93,,3
13,#makeupart,15,#makeuplook,Undirected,94,,3
14,#anastasiabeverlyhills,15,#makeuplook,Undirected,95,,3
1,#makeupartist,16,#beauty,Undirected,96,,3
2,#makeuptutorial,16,#beauty,Undirected,97,,3
3,#makeup,16,#beauty,Undirected,98,,3
4,#makeupideas,16,#beauty,Undirected,99,,3
5,#morphe,16,#beauty,Undirected,100,,1
6,#fentybeauty,16,#beauty,Undirected,101,,2
8,#bride,16,#beauty,Undirected,102,,3
9,#atlmua,16,#beauty,Undirected,103,,2
10,#makeupaddict,16,#beauty,Undirected,104,,3
11,#wakeupandmakeup,16,#beauty,Undirected,105,,3
12,#makeuplooks,16,#beauty,Undirected,106,,3
13,#makeupart,16,#beauty,Undirected,107,,2
14,#anastasiabeverlyhills,16,#beauty,Undirected,108,,3
15,#makeuplook,16,#beauty,Undirected,109,,3
1,#makeupartist,17,#bridalmakeup,Undirected,110,,3
2,#makeuptutorial,17,#bridalmakeup,Undirected,111,,3
3,#makeup,17,#bridalmakeup,Undirected,112,,3
4,#makeupideas,17,#bridalmakeup,Undirected,113,,3
5,#morphe,17,#bridalmakeup,Undirected,114,,1
6,#fentybeauty,17,#bridalmakeup,Undirected,115,,3
9,#atlmua,17,#bridalmakeup,Undirected,116,,2
13,#makeupart,17,#bridalmakeup,Undirected,117,,2
15,#makeuplook,17,#bridalmakeup,Undirected,118,,3
16,#beauty,17,#bridalmakeup,Undirected,119,,3
1,#makeupartist,18,#glam,Undirected,120,,3
2,#makeuptutorial,18,#glam,Undirected,121,,3
3,#makeup,18,#glam,Undirected,122,,3
4,#makeupideas,18,#glam,Undirected,123,,3
5,#morphe,18,#glam,Undirected,124,,1
6,#fentybeauty,18,#glam,Undirected,125,,2
9,#atlmua,18,#glam,Undirected,126,,3
12,#makeuplooks,18,#glam,Undirected,127,,2
13,#makeupart,18,#glam,Undirected,128,,1
15,#makeuplook,18,#glam,Undirected,129,,3
16,#beauty,18,#glam,Undirected,130,,3
17,#bridalmakeup,18,#glam,Undirected,131,,3
1,#makeupartist,19,#makeupforever,Undirected,132,,3
2,#makeuptutorial,19,#makeupforever,Undirected,133,,3
3,#makeup,19,#makeupforever,Undirected,134,,3
4,#makeupideas,19,#makeupforever,Undirected,135,,3
6,#fentybeauty,19,#makeupforever,Undirected,136,,1
7,#hudabeauty,19,#makeupforever,Undirected,137,,3
8,#bride,19,#makeupforever,Undirected,138,,2
10,#makeupaddict,19,#makeupforever,Undirected,139,,3
11,#wakeupandmakeup,19,#makeupforever,Undirected,140,,3
15,#makeuplook,19,#makeupforever,Undirected,141,,3
16,#beauty,19,#makeupforever,Undirected,142,,3
1,#makeupartist,20,#makeuplover,Undirected,143,,3
2,#makeuptutorial,20,#makeuplover,Undirected,144,,3
3,#makeup,20,#makeuplover,Undirected,145,,3
5,#morphe,20,#makeuplover,Undirected,146,,1
9,#atlmua,20,#makeuplover,Undirected,147,,2
10,#makeupaddict,20,#makeuplover,Undirected,148,,3
11,#wakeupandmakeup,20,#makeuplover,Undirected,149,,3
13,#makeupart,20,#makeuplover,Undirected,150,,3
14,#anastasiabeverlyhills,20,#makeuplover,Undirected,151,,3
16,#beauty,20,#makeuplover,Undirected,152,,3
17,#bridalmakeup,20,#makeuplover,Undirected,153,,3
19,#makeupforever,20,#makeuplover,Undirected,154,,3
1,#makeupartist,21,#makeupjunkie,Undirected,155,,3
2,#makeuptutorial,21,#makeupjunkie,Undirected,156,,3
3,#makeup,21,#makeupjunkie,Undirected,157,,3
4,#makeupideas,21,#makeupjunkie,Undirected,158,,3
6,#fentybeauty,21,#makeupjunkie,Undirected,159,,1
7,#hudabeauty,21,#makeupjunkie,Undirected,160,,2
9,#atlmua,21,#makeupjunkie,Undirected,161,,1
10,#makeupaddict,21,#makeupjunkie,Undirected,162,,2
11,#wakeupandmakeup,21,#makeupjunkie,Undirected,163,,2
12,#makeuplooks,21,#makeupjunkie,Undirected,164,,2
13,#makeupart,21,#makeupjunkie,Undirected,165,,3
14,#anastasiabeverlyhills,21,#makeupjunkie,Undirected,166,,2
16,#beauty,21,#makeupjunkie,Undirected,167,,3
19,#makeupforever,21,#makeupjunkie,Undirected,168,,3
20,#makeuplover,21,#makeupjunkie,Undirected,169,,3
1,#makeupartist,22,#morphebrushes,Undirected,170,,3
2,#makeuptutorial,22,#morphebrushes,Undirected,171,,3
3,#makeup,22,#morphebrushes,Undirected,172,,3
4,#makeupideas,22,#morphebrushes,Undirected,173,,2
5,#morphe,22,#morphebrushes,Undirected,174,,2
7,#hudabeauty,22,#morphebrushes,Undirected,175,,3
8,#bride,22,#morphebrushes,Undirected,176,,2
9,#atlmua,22,#morphebrushes,Undirected,177,,2
10,#makeupaddict,22,#morphebrushes,Undirected,178,,2
11,#wakeupandmakeup,22,#morphebrushes,Undirected,179,,2
12,#makeuplooks,22,#morphebrushes,Undirected,180,,1
13,#makeupart,22,#morphebrushes,Undirected,181,,3
15,#makeuplook,22,#morphebrushes,Undirected,182,,2
16,#beauty,22,#morphebrushes,Undirected,183,,2
17,#bridalmakeup,22,#morphebrushes,Undirected,184,,2
18,#glam,22,#morphebrushes,Undirected,185,,2
19,#makeupforever,22,#morphebrushes,Undirected,186,,2
20,#makeuplover,22,#morphebrushes,Undirected,187,,3
21,#makeupjunkie,22,#morphebrushes,Undirected,188,,2
1,#makeupartist,23,#lipstick,Undirected,189,,3
2,#makeuptutorial,23,#lipstick,Undirected,190,,3
3,#makeup,23,#lipstick,Undirected,191,,3
4,#makeupideas,23,#lipstick,Undirected,192,,2
5,#morphe,23,#lipstick,Undirected,193,,1
7,#hudabeauty,23,#lipstick,Undirected,194,,2
8,#bride,23,#lipstick,Undirected,195,,2
9,#atlmua,23,#lipstick,Undirected,196,,2
10,#makeupaddict,23,#lipstick,Undirected,197,,3
11,#wakeupandmakeup,23,#lipstick,Undirected,198,,3
12,#makeuplooks,23,#lipstick,Undirected,199,,2
13,#makeupart,23,#lipstick,Undirected,200,,1
16,#beauty,23,#lipstick,Undirected,201,,3
19,#makeupforever,23,#lipstick,Undirected,202,,3
20,#makeuplover,23,#lipstick,Undirected,203,,3
21,#makeupjunkie,23,#lipstick,Undirected,204,,1
22,#morphebrushes,23,#lipstick,Undirected,205,,3
1,#makeupartist,24,#mua,Undirected,206,,3
2,#makeuptutorial,24,#mua,Undirected,207,,3
3,#makeup,24,#mua,Undirected,208,,3
7,#hudabeauty,24,#mua,Undirected,209,,3
9,#atlmua,24,#mua,Undirected,210,,3
10,#makeupaddict,24,#mua,Undirected,211,,3
11,#wakeupandmakeup,24,#mua,Undirected,212,,3
12,#makeuplooks,24,#mua,Undirected,213,,3
13,#makeupart,24,#mua,Undirected,214,,3
16,#beauty,24,#mua,Undirected,215,,3
18,#glam,24,#mua,Undirected,216,,2
19,#makeupforever,24,#mua,Undirected,217,,3
20,#makeuplover,24,#mua,Undirected,218,,3
21,#makeupjunkie,24,#mua,Undirected,219,,2
22,#morphebrushes,24,#mua,Undirected,220,,2
23,#lipstick,24,#mua,Undirected,221,,3
1,#makeupartist,25,#makeupbyme,Undirected,222,,3
2,#makeuptutorial,25,#makeupbyme,Undirected,223,,3
3,#makeup,25,#makeupbyme,Undirected,224,,3
4,#makeupideas,25,#makeupbyme,Undirected,225,,1
9,#atlmua,25,#makeupbyme,Undirected,226,,2
10,#makeupaddict,25,#makeupbyme,Undirected,227,,3
11,#wakeupandmakeup,25,#makeupbyme,Undirected,228,,3
16,#beauty,25,#makeupbyme,Undirected,229,,2
17,#bridalmakeup,25,#makeupbyme,Undirected,230,,2
18,#glam,25,#makeupbyme,Undirected,231,,2
20,#makeuplover,25,#makeupbyme,Undirected,232,,3
21,#makeupjunkie,25,#makeupbyme,Undirected,233,,2
22,#morphebrushes,25,#makeupbyme,Undirected,234,,2
23,#lipstick,25,#makeupbyme,Undirected,235,,2
24,#mua,25,#makeupbyme,Undirected,236,,3
1,#makeupartist,26,#eyeshadow,Undirected,237,,3
2,#makeuptutorial,26,#eyeshadow,Undirected,238,,3
3,#makeup,26,#eyeshadow,Undirected,239,,3
4,#makeupideas,26,#eyeshadow,Undirected,240,,2
5,#morphe,26,#eyeshadow,Undirected,241,,2
7,#hudabeauty,26,#eyeshadow,Undirected,242,,3
8,#bride,26,#eyeshadow,Undirected,243,,3
9,#atlmua,26,#eyeshadow,Undirected,244,,2
10,#makeupaddict,26,#eyeshadow,Undirected,245,,3
11,#wakeupandmakeup,26,#eyeshadow,Undirected,246,,3
12,#makeuplooks,26,#eyeshadow,Undirected,247,,2
13,#makeupart,26,#eyeshadow,Undirected,248,,2
14,#anastasiabeverlyhills,26,#eyeshadow,Undirected,249,,3
16,#beauty,26,#eyeshadow,Undirected,250,,3
18,#glam,26,#eyeshadow,Undirected,251,,2
19,#makeupforever,26,#eyeshadow,Undirected,252,,2
20,#makeuplover,26,#eyeshadow,Undirected,253,,3
21,#makeupjunkie,26,#eyeshadow,Undirected,254,,2
22,#morphebrushes,26,#eyeshadow,Undirected,255,,3
23,#lipstick,26,#eyeshadow,Undirected,256,,2
24,#mua,26,#eyeshadow,Undirected,257,,3
25,#makeupbyme,26,#eyeshadow,Undirected,258,,1
1,#makeupartist,27,#makeupoftheday,Undirected,259,,2
2,#makeuptutorial,27,#makeupoftheday,Undirected,260,,2
3,#makeup,27,#makeupoftheday,Undirected,261,,2
11,#wakeupandmakeup,27,#makeupoftheday,Undirected,262,,2
12,#makeuplooks,27,#makeupoftheday,Undirected,263,,2
13,#makeupart,27,#makeupoftheday,Undirected,264,,2
14,#anastasiabeverlyhills,27,#makeupoftheday,Undirected,265,,1
18,#glam,27,#makeupoftheday,Undirected,266,,2
21,#makeupjunkie,27,#makeupoftheday,Undirected,267,,2
26,#eyeshadow,27,#makeupoftheday,Undirected,268,,2
1,#makeupartist,28,#maccosmetics,Undirected,269,,2
2,#makeuptutorial,28,#maccosmetics,Undirected,270,,2
3,#makeup,28,#maccosmetics,Undirected,271,,2
9,#atlmua,28,#maccosmetics,Undirected,272,,2
11,#wakeupandmakeup,28,#maccosmetics,Undirected,273,,2
12,#makeuplooks,28,#maccosmetics,Undirected,274,,2
13,#makeupart,28,#maccosmetics,Undirected,275,,1
14,#anastasiabeverlyhills,28,#maccosmetics,Undirected,276,,2
18,#glam,28,#maccosmetics,Undirected,277,,2
21,#makeupjunkie,28,#maccosmetics,Undirected,278,,1
26,#eyeshadow,28,#maccosmetics,Undirected,279,,2
27,#makeupoftheday,28,#maccosmetics,Undirected,280,,2
1,#makeupartist,29,#tartecosmetics,Undirected,281,,2
2,#makeuptutorial,29,#tartecosmetics,Undirected,282,,2
3,#makeup,29,#tartecosmetics,Undirected,283,,2
4,#makeupideas,29,#tartecosmetics,Undirected,284,,2
6,#fentybeauty,29,#tartecosmetics,Undirected,285,,2
8,#bride,29,#tartecosmetics,Undirected,286,,1
9,#atlmua,29,#tartecosmetics,Undirected,287,,2
10,#makeupaddict,29,#tartecosmetics,Undirected,288,,1
11,#wakeupandmakeup,29,#tartecosmetics,Undirected,289,,2
12,#makeuplooks,29,#tartecosmetics,Undirected,290,,1
13,#makeupart,29,#tartecosmetics,Undirected,291,,1
14,#anastasiabeverlyhills,29,#tartecosmetics,Undirected,292,,1
15,#makeuplook,29,#tartecosmetics,Undirected,293,,2
17,#bridalmakeup,29,#tartecosmetics,Undirected,294,,1
18,#glam,29,#tartecosmetics,Undirected,295,,2
19,#makeupforever,29,#tartecosmetics,Undirected,296,,1
20,#makeuplover,29,#tartecosmetics,Undirected,297,,1
21,#makeupjunkie,29,#tartecosmetics,Undirected,298,,1
22,#morphebrushes,29,#tartecosmetics,Undirected,299,,1
23,#lipstick,29,#tartecosmetics,Undirected,300,,1
26,#eyeshadow,29,#tartecosmetics,Undirected,301,,1
27,#makeupoftheday,29,#tartecosmetics,Undirected,302,,1
28,#maccosmetics,29,#tartecosmetics,Undirected,303,,2
1,#makeupartist,30,#lancome,Undirected,304,,1
2,#makeuptutorial,30,#lancome,Undirected,305,,1
3,#makeup,30,#lancome,Undirected,306,,1
4,#makeupideas,30,#lancome,Undirected,307,,1
5,#morphe,30,#lancome,Undirected,308,,1
10,#makeupaddict,30,#lancome,Undirected,309,,1
16,#beauty,30,#lancome,Undirected,310,,1
22,#morphebrushes,30,#lancome,Undirected,311,,1
23,#lipstick,30,#lancome,Undirected,312,,1
26,#eyeshadow,30,#lancome,Undirected,313,,1
1,#makeupartist,31,#makeupjunkie,Undirected,314,,1
2,#makeuptutorial,31,#makeupjunkie,Undirected,315,,1
3,#makeup,31,#makeupjunkie,Undirected,316,,1
4,#makeupideas,31,#makeupjunkie,Undirected,317,,1
5,#morphe,31,#makeupjunkie,Undirected,318,,1
6,#fentybeauty,31,#makeupjunkie,Undirected,319,,1
11,#wakeupandmakeup,31,#makeupjunkie,Undirected,320,,1
12,#makeuplooks,31,#makeupjunkie,Undirected,321,,1
13,#makeupart,31,#makeupjunkie,Undirected,322,,1
14,#anastasiabeverlyhills,31,#makeupjunkie,Undirected,323,,1
16,#beauty,31,#makeupjunkie,Undirected,324,,1
20,#makeuplover,31,#makeupjunkie,Undirected,325,,1
21,#makeupjunkie,31,#makeupjunkie,Undirected,326,,1
22,#morphebrushes,31,#makeupjunkie,Undirected,327,,1
26,#eyeshadow,31,#makeupjunkie,Undirected,328,,1
27,#makeupoftheday,31,#makeupjunkie,Undirected,329,,1
28,#maccosmetics,31,#makeupjunkie,Undirected,330,,1
29,#tartecosmetics,31,#makeupjunkie,Undirected,331,,1
30,#lancome,31,#makeupjunkie,Undirected,332,,1
1,#makeupartist,32,#mac,Undirected,333,,1
2,#makeuptutorial,32,#mac,Undirected,334,,1
3,#makeup,32,#mac,Undirected,335,,1
4,#makeupideas,32,#mac,Undirected,336,,1
5,#morphe,32,#mac,Undirected,337,,1
6,#fentybeauty,32,#mac,Undirected,338,,1
8,#bride,32,#mac,Undirected,339,,1
9,#atlmua,32,#mac,Undirected,340,,1
11,#wakeupandmakeup,32,#mac,Undirected,341,,1
12,#makeuplooks,32,#mac,Undirected,342,,1
13,#makeupart,32,#mac,Undirected,343,,1
15,#makeuplook,32,#mac,Undirected,344,,1
16,#beauty,32,#mac,Undirected,345,,1
18,#glam,32,#mac,Undirected,346,,1
19,#makeupforever,32,#mac,Undirected,347,,1
21,#makeupjunkie,32,#mac,Undirected,348,,1
22,#morphebrushes,32,#mac,Undirected,349,,1
26,#eyeshadow,32,#mac,Undirected,350,,1
29,#tartecosmetics,32,#mac,Undirected,351,,1
30,#lancome,32,#mac,Undirected,352,,1
31,#makeupjunkie,32,#mac,Undirected,353,,1
1,#makeupartist,33,#skincare,Undirected,354,,1
2,#makeuptutorial,33,#skincare,Undirected,355,,1
3,#makeup,33,#skincare,Undirected,356,,1
5,#morphe,33,#skincare,Undirected,357,,1
6,#fentybeauty,33,#skincare,Undirected,358,,1
16,#beauty,33,#skincare,Undirected,359,,1
17,#bridalmakeup,33,#skincare,Undirected,360,,1
20,#makeuplover,33,#skincare,Undirected,361,,1
21,#makeupjunkie,33,#skincare,Undirected,362,,1
22,#morphebrushes,33,#skincare,Undirected,363,,1
25,#makeupbyme,33,#skincare,Undirected,364,,1
30,#lancome,33,#skincare,Undirected,365,,1
31,#makeupjunkie,33,#skincare,Undirected,366,,1
32,#mac,33,#skincare,Undirected,367,,1
1,#makeupartist,34,#toofaced,Undirected,368,,1
2,#makeuptutorial,34,#toofaced,Undirected,369,,1
3,#makeup,34,#toofaced,Undirected,370,,1
5,#morphe,34,#toofaced,Undirected,371,,1
6,#fentybeauty,34,#toofaced,Undirected,372,,1
9,#atlmua,34,#toofaced,Undirected,373,,1
16,#beauty,34,#toofaced,Undirected,374,,1
17,#bridalmakeup,34,#toofaced,Undirected,375,,1
21,#makeupjunkie,34,#toofaced,Undirected,376,,1
24,#mua,34,#toofaced,Undirected,377,,1
28,#maccosmetics,34,#toofaced,Undirected,378,,1
30,#lancome,34,#toofaced,Undirected,379,,1
31,#makeupjunkie,34,#toofaced,Undirected,380,,1
32,#mac,34,#toofaced,Undirected,381,,1
33,#skincare,34,#toofaced,Undirected,382,,1
2,#makeuptutorial,35,#colourpop,Undirected,383,,1
3,#makeup,35,#colourpop,Undirected,384,,1
4,#makeupideas,35,#colourpop,Undirected,385,,1
6,#fentybeauty,35,#colourpop,Undirected,386,,1
9,#atlmua,35,#colourpop,Undirected,387,,1
11,#wakeupandmakeup,35,#colourpop,Undirected,388,,1
12,#makeuplooks,35,#colourpop,Undirected,389,,1
13,#makeupart,35,#colourpop,Undirected,390,,1
14,#anastasiabeverlyhills,35,#colourpop,Undirected,391,,1
16,#beauty,35,#colourpop,Undirected,392,,1
20,#makeuplover,35,#colourpop,Undirected,393,,1
21,#makeupjunkie,35,#colourpop,Undirected,394,,1
22,#morphebrushes,35,#colourpop,Undirected,395,,1
26,#eyeshadow,35,#colourpop,Undirected,396,,1
31,#makeupjunkie,35,#colourpop,Undirected,397,,1
32,#mac,35,#colourpop,Undirected,398,,1
33,#skincare,35,#colourpop,Undirected,399,,1
34,#toofaced,35,#colourpop,Undirected,400,,1
1,#makeupartist,36,#urbandecay,Undirected,401,,1
2,#makeuptutorial,36,#urbandecay,Undirected,402,,1
3,#makeup,36,#urbandecay,Undirected,403,,1
6,#fentybeauty,36,#urbandecay,Undirected,404,,1
13,#makeupart,36,#urbandecay,Undirected,405,,1
15,#makeuplook,36,#urbandecay,Undirected,406,,1
16,#beauty,36,#urbandecay,Undirected,407,,1
17,#bridalmakeup,36,#urbandecay,Undirected,408,,1
19,#makeupforever,36,#urbandecay,Undirected,409,,1
21,#makeupjunkie,36,#urbandecay,Undirected,410,,1
31,#makeupjunkie,36,#urbandecay,Undirected,411,,1
32,#mac,36,#urbandecay,Undirected,412,,1
33,#skincare,36,#urbandecay,Undirected,413,,1
34,#toofaced,36,#urbandecay,Undirected,414,,1
35,#colourpop,36,#urbandecay,Undirected,415,,1
1,#makeupartist,37,#fashion,Undirected,416,,1
2,#makeuptutorial,37,#fashion,Undirected,417,,1
3,#makeup,37,#fashion,Undirected,418,,1
7,#hudabeauty,37,#fashion,Undirected,419,,1
9,#atlmua,37,#fashion,Undirected,420,,1
10,#makeupaddict,37,#fashion,Undirected,421,,1
11,#wakeupandmakeup,37,#fashion,Undirected,422,,1
12,#makeuplooks,37,#fashion,Undirected,423,,1
13,#makeupart,37,#fashion,Undirected,424,,1
16,#beauty,37,#fashion,Undirected,425,,1
20,#makeuplover,37,#fashion,Undirected,426,,1
21,#makeupjunkie,37,#fashion,Undirected,427,,1
22,#morphebrushes,37,#fashion,Undirected,428,,1
23,#lipstick,37,#fashion,Undirected,429,,1
24,#mua,37,#fashion,Undirected,430,,1
26,#eyeshadow,37,#fashion,Undirected,431,,1
30,#lancome,37,#fashion,Undirected,432,,1
1,#makeupartist,38,#mua,Undirected,433,,1
2,#makeuptutorial,38,#mua,Undirected,434,,1
3,#makeup,38,#mua,Undirected,435,,1
4,#makeupideas,38,#mua,Undirected,436,,1
6,#fentybeauty,38,#mua,Undirected,437,,1
7,#hudabeauty,38,#mua,Undirected,438,,1
9,#atlmua,38,#mua,Undirected,439,,1
10,#makeupaddict,38,#mua,Undirected,440,,1
11,#wakeupandmakeup,38,#mua,Undirected,441,,1
12,#makeuplooks,38,#mua,Undirected,442,,1
13,#makeupart,38,#mua,Undirected,443,,1
14,#anastasiabeverlyhills,38,#mua,Undirected,444,,1
15,#makeuplook,38,#mua,Undirected,445,,1
16,#beauty,38,#mua,Undirected,446,,1
17,#bridalmakeup,38,#mua,Undirected,447,,1
18,#glam,38,#mua,Undirected,448,,1
20,#makeuplover,38,#mua,Undirected,449,,1
21,#makeupjunkie,38,#mua,Undirected,450,,1
22,#morphebrushes,38,#mua,Undirected,451,,1
23,#lipstick,38,#mua,Undirected,452,,1
24,#mua,38,#mua,Undirected,453,,1
25,#makeupbyme,38,#mua,Undirected,454,,1
26,#eyeshadow,38,#mua,Undirected,455,,1
29,#tartecosmetics,38,#mua,Undirected,456,,1
31,#makeupjunkie,38,#mua,Undirected,457,,1
32,#mac,38,#mua,Undirected,458,,1
34,#toofaced,38,#mua,Undirected,459,,1
35,#colourpop,38,#mua,Undirected,460,,1
36,#urbandecay,38,#mua,Undirected,461,,1
37,#fashion,38,#mua,Undirected,462,,1
1,#makeupartist,39,#nars,Undirected,463,,1
2,#makeuptutorial,39,#nars,Undirected,464,,1
3,#makeup,39,#nars,Undirected,465,,1
4,#makeupideas,39,#nars,Undirected,466,,1
5,#morphe,39,#nars,Undirected,467,,1
6,#fentybeauty,39,#nars,Undirected,468,,1
8,#bride,39,#nars,Undirected,469,,1
9,#atlmua,39,#nars,Undirected,470,,1
13,#makeupart,39,#nars,Undirected,471,,1
15,#makeuplook,39,#nars,Undirected,472,,1
16,#beauty,39,#nars,Undirected,473,,1
17,#bridalmakeup,39,#nars,Undirected,474,,1
18,#glam,39,#nars,Undirected,475,,1
19,#makeupforever,39,#nars,Undirected,476,,1
20,#makeuplover,39,#nars,Undirected,477,,1
22,#morphebrushes,39,#nars,Undirected,478,,1
24,#mua,39,#nars,Undirected,479,,1
25,#makeupbyme,39,#nars,Undirected,480,,1
29,#tartecosmetics,39,#nars,Undirected,481,,1
32,#mac,39,#nars,Undirected,482,,1
33,#skincare,39,#nars,Undirected,483,,1
34,#toofaced,39,#nars,Undirected,484,,1
36,#urbandecay,39,#nars,Undirected,485,,1
38,#mua,39,#nars,Undirected,486,,1
1,#makeupartist,40,#morphebrushes,Undirected,487,,1
2,#makeuptutorial,40,#morphebrushes,Undirected,488,,1
3,#makeup,40,#morphebrushes,Undirected,489,,1
4,#makeupideas,40,#morphebrushes,Undirected,490,,1
6,#fentybeauty,40,#morphebrushes,Undirected,491,,1
9,#atlmua,40,#morphebrushes,Undirected,492,,1
15,#makeuplook,40,#morphebrushes,Undirected,493,,1
16,#beauty,40,#morphebrushes,Undirected,494,,1
18,#glam,40,#morphebrushes,Undirected,495,,1
19,#makeupforever,40,#morphebrushes,Undirected,496,,1
20,#makeuplover,40,#morphebrushes,Undirected,497,,1
32,#mac,40,#morphebrushes,Undirected,498,,1
33,#skincare,40,#morphebrushes,Undirected,499,,1
36,#urbandecay,40,#morphebrushes,Undirected,500,,1
38,#mua,40,#morphebrushes,Undirected,501,,1
39,#nars,40,#morphebrushes,Undirected,502,,1
1,#makeupartist,41,#lipstick,Undirected,503,,1
2,#makeuptutorial,41,#lipstick,Undirected,504,,1
3,#makeup,41,#lipstick,Undirected,505,,1
7,#hudabeauty,41,#lipstick,Undirected,506,,1
9,#atlmua,41,#lipstick,Undirected,507,,1
10,#makeupaddict,41,#lipstick,Undirected,508,,1
11,#wakeupandmakeup,41,#lipstick,Undirected,509,,1
12,#makeuplooks,41,#lipstick,Undirected,510,,1
13,#makeupart,41,#lipstick,Undirected,511,,1
16,#beauty,41,#lipstick,Undirected,512,,1
20,#makeuplover,41,#lipstick,Undirected,513,,1
21,#makeupjunkie,41,#lipstick,Undirected,514,,1
22,#morphebrushes,41,#lipstick,Undirected,515,,1
23,#lipstick,41,#lipstick,Undirected,516,,1
24,#mua,41,#lipstick,Undirected,517,,1
26,#eyeshadow,41,#lipstick,Undirected,518,,1
29,#tartecosmetics,41,#lipstick,Undirected,519,,1
30,#lancome,41,#lipstick,Undirected,520,,1
31,#makeupjunkie,41,#lipstick,Undirected,521,,1
37,#fashion,41,#lipstick,Undirected,522,,1
38,#mua,41,#lipstick,Undirected,523,,1
40,#morphebrushes,41,#lipstick,Undirected,524,,1
1,#makeupartist,42,#makeupbyme,Undirected,525,,1
2,#makeuptutorial,42,#makeupbyme,Undirected,526,,1
3,#makeup,42,#makeupbyme,Undirected,527,,1
10,#makeupaddict,42,#makeupbyme,Undirected,528,,1
11,#wakeupandmakeup,42,#makeupbyme,Undirected,529,,1
12,#makeuplooks,42,#makeupbyme,Undirected,530,,1
13,#makeupart,42,#makeupbyme,Undirected,531,,1
14,#anastasiabeverlyhills,42,#makeupbyme,Undirected,532,,1
19,#makeupforever,42,#makeupbyme,Undirected,533,,1
20,#makeuplover,42,#makeupbyme,Undirected,534,,1
21,#makeupjunkie,42,#makeupbyme,Undirected,535,,1
23,#lipstick,42,#makeupbyme,Undirected,536,,1
26,#eyeshadow,42,#makeupbyme,Undirected,537,,1
27,#makeupoftheday,42,#makeupbyme,Undirected,538,,1
28,#maccosmetics,42,#makeupbyme,Undirected,539,,1
29,#tartecosmetics,42,#makeupbyme,Undirected,540,,1
31,#makeupjunkie,42,#makeupbyme,Undirected,541,,1
38,#mua,42,#makeupbyme,Undirected,542,,1
41,#lipstick,42,#makeupbyme,Undirected,543,,1
1,#makeupartist,43,#benefitcosmetics,Undirected,544,,1
2,#makeuptutorial,43,#benefitcosmetics,Undirected,545,,1
3,#makeup,43,#benefitcosmetics,Undirected,546,,1
6,#fentybeauty,43,#benefitcosmetics,Undirected,547,,1
8,#bride,43,#benefitcosmetics,Undirected,548,,1
10,#makeupaddict,43,#benefitcosmetics,Undirected,549,,1
11,#wakeupandmakeup,43,#benefitcosmetics,Undirected,550,,1
15,#makeuplook,43,#benefitcosmetics,Undirected,551,,1
16,#beauty,43,#benefitcosmetics,Undirected,552,,1
17,#bridalmakeup,43,#benefitcosmetics,Undirected,553,,1
19,#makeupforever,43,#benefitcosmetics,Undirected,554,,1
22,#morphebrushes,43,#benefitcosmetics,Undirected,555,,1
23,#lipstick,43,#benefitcosmetics,Undirected,556,,1
26,#eyeshadow,43,#benefitcosmetics,Undirected,557,,1
29,#tartecosmetics,43,#benefitcosmetics,Undirected,558,,1
32,#mac,43,#benefitcosmetics,Undirected,559,,1
34,#toofaced,43,#benefitcosmetics,Undirected,560,,1
36,#urbandecay,43,#benefitcosmetics,Undirected,561,,1
39,#nars,43,#benefitcosmetics,Undirected,562,,1
40,#morphebrushes,43,#benefitcosmetics,Undirected,563,,1
42,#makeupbyme,43,#benefitcosmetics,Undirected,564,,1
1,#makeupartist,44,#eyeshadow,Undirected,565,,1
2,#makeuptutorial,44,#eyeshadow,Undirected,566,,1
3,#makeup,44,#eyeshadow,Undirected,567,,1
4,#makeupideas,44,#eyeshadow,Undirected,568,,1
7,#hudabeauty,44,#eyeshadow,Undirected,569,,1
8,#bride,44,#eyeshadow,Undirected,570,,1
9,#atlmua,44,#eyeshadow,Undirected,571,,1
10,#makeupaddict,44,#eyeshadow,Undirected,572,,1
11,#wakeupandmakeup,44,#eyeshadow,Undirected,573,,1
12,#makeuplooks,44,#eyeshadow,Undirected,574,,1
13,#makeupart,44,#eyeshadow,Undirected,575,,1
14,#anastasiabeverlyhills,44,#eyeshadow,Undirected,576,,1
16,#beauty,44,#eyeshadow,Undirected,577,,1
20,#makeuplover,44,#eyeshadow,Undirected,578,,1
21,#makeupjunkie,44,#eyeshadow,Undirected,579,,1
22,#morphebrushes,44,#eyeshadow,Undirected,580,,1
23,#lipstick,44,#eyeshadow,Undirected,581,,1
24,#mua,44,#eyeshadow,Undirected,582,,1
26,#eyeshadow,44,#eyeshadow,Undirected,583,,1
29,#tartecosmetics,44,#eyeshadow,Undirected,584,,1
31,#makeupjunkie,44,#eyeshadow,Undirected,585,,1
35,#colourpop,44,#eyeshadow,Undirected,586,,1
37,#fashion,44,#eyeshadow,Undirected,587,,1
38,#mua,44,#eyeshadow,Undirected,588,,1
40,#morphebrushes,44,#eyeshadow,Undirected,589,,1
41,#lipstick,44,#eyeshadow,Undirected,590,,1
42,#makeupbyme,44,#eyeshadow,Undirected,591,,1
43,#benefitcosmetics,44,#eyeshadow,Undirected,592,,1
1,#makeupartist,45,#makeupoftheday,Undirected,593,,1
2,#makeuptutorial,45,#makeupoftheday,Undirected,594,,1
3,#makeup,45,#makeupoftheday,Undirected,595,,1
6,#fentybeauty,45,#makeupoftheday,Undirected,596,,1
7,#hudabeauty,45,#makeupoftheday,Undirected,597,,1
8,#bride,45,#makeupoftheday,Undirected,598,,1
9,#atlmua,45,#makeupoftheday,Undirected,599,,1
10,#makeupaddict,45,#makeupoftheday,Undirected,600,,1
11,#wakeupandmakeup,45,#makeupoftheday,Undirected,601,,1
12,#makeuplooks,45,#makeupoftheday,Undirected,602,,1
13,#makeupart,45,#makeupoftheday,Undirected,603,,1
14,#anastasiabeverlyhills,45,#makeupoftheday,Undirected,604,,1
17,#bridalmakeup,45,#makeupoftheday,Undirected,605,,1
18,#glam,45,#makeupoftheday,Undirected,606,,1
21,#makeupjunkie,45,#makeupoftheday,Undirected,607,,1
22,#morphebrushes,45,#makeupoftheday,Undirected,608,,1
23,#lipstick,45,#makeupoftheday,Undirected,609,,1
24,#mua,45,#makeupoftheday,Undirected,610,,1
26,#eyeshadow,45,#makeupoftheday,Undirected,611,,1
27,#makeupoftheday,45,#makeupoftheday,Undirected,612,,1
28,#maccosmetics,45,#makeupoftheday,Undirected,613,,1
29,#tartecosmetics,45,#makeupoftheday,Undirected,614,,1
31,#makeupjunkie,45,#makeupoftheday,Undirected,615,,1
37,#fashion,45,#makeupoftheday,Undirected,616,,1
38,#mua,45,#makeupoftheday,Undirected,617,,1
41,#lipstick,45,#makeupoftheday,Undirected,618,,1
42,#makeupbyme,45,#makeupoftheday,Undirected,619,,1
43,#benefitcosmetics,45,#makeupoftheday,Undirected,620,,1
44,#eyeshadow,45,#makeupoftheday,Undirected,621,,1
1,#makeupartist,46,#maccosmetics,Undirected,622,,1
2,#makeuptutorial,46,#maccosmetics,Undirected,623,,1
3,#makeup,46,#maccosmetics,Undirected,624,,1
4,#makeupideas,46,#maccosmetics,Undirected,625,,1
6,#fentybeauty,46,#maccosmetics,Undirected,626,,1
7,#hudabeauty,46,#maccosmetics,Undirected,627,,1
9,#atlmua,46,#maccosmetics,Undirected,628,,1
10,#makeupaddict,46,#maccosmetics,Undirected,629,,1
11,#wakeupandmakeup,46,#maccosmetics,Undirected,630,,1
12,#makeuplooks,46,#maccosmetics,Undirected,631,,1
13,#makeupart,46,#maccosmetics,Undirected,632,,1
15,#makeuplook,46,#maccosmetics,Undirected,633,,1
16,#beauty,46,#maccosmetics,Undirected,634,,1
17,#bridalmakeup,46,#maccosmetics,Undirected,635,,1
18,#glam,46,#maccosmetics,Undirected,636,,1
19,#makeupforever,46,#maccosmetics,Undirected,637,,1
20,#makeuplover,46,#maccosmetics,Undirected,638,,1
21,#makeupjunkie,46,#maccosmetics,Undirected,639,,1
22,#morphebrushes,46,#maccosmetics,Undirected,640,,1
23,#lipstick,46,#maccosmetics,Undirected,641,,1
24,#mua,46,#maccosmetics,Undirected,642,,1
26,#eyeshadow,46,#maccosmetics,Undirected,643,,1
29,#tartecosmetics,46,#maccosmetics,Undirected,644,,1
32,#mac,46,#maccosmetics,Undirected,645,,1
36,#urbandecay,46,#maccosmetics,Undirected,646,,1
37,#fashion,46,#maccosmetics,Undirected,647,,1
38,#mua,46,#maccosmetics,Undirected,648,,1
39,#nars,46,#maccosmetics,Undirected,649,,1
40,#morphebrushes,46,#maccosmetics,Undirected,650,,1
41,#lipstick,46,#maccosmetics,Undirected,651,,1
42,#makeupbyme,46,#maccosmetics,Undirected,652,,1
43,#benefitcosmetics,46,#maccosmetics,Undirected,653,,1
44,#eyeshadow,46,#maccosmetics,Undirected,654,,1
45,#makeupoftheday,46,#maccosmetics,Undirected,655,,1
1,#makeupartist,47,#cosmetics,Undirected,656,,1
2,#makeuptutorial,47,#cosmetics,Undirected,657,,1
3,#makeup,47,#cosmetics,Undirected,658,,1
4,#makeupideas,47,#cosmetics,Undirected,659,,1
9,#atlmua,47,#cosmetics,Undirected,660,,1
11,#wakeupandmakeup,47,#cosmetics,Undirected,661,,1
13,#makeupart,47,#cosmetics,Undirected,662,,1
16,#beauty,47,#cosmetics,Undirected,663,,1
20,#makeuplover,47,#cosmetics,Undirected,664,,1
22,#morphebrushes,47,#cosmetics,Undirected,665,,1
26,#eyeshadow,47,#cosmetics,Undirected,666,,1
29,#tartecosmetics,47,#cosmetics,Undirected,667,,1
30,#lancome,47,#cosmetics,Undirected,668,,1
31,#makeupjunkie,47,#cosmetics,Undirected,669,,1
32,#mac,47,#cosmetics,Undirected,670,,1
33,#skincare,47,#cosmetics,Undirected,671,,1
35,#colourpop,47,#cosmetics,Undirected,672,,1
38,#mua,47,#cosmetics,Undirected,673,,1
41,#lipstick,47,#cosmetics,Undirected,674,,1
42,#makeupbyme,47,#cosmetics,Undirected,675,,1
44,#eyeshadow,47,#cosmetics,Undirected,676,,1
46,#maccosmetics,47,#cosmetics,Undirected,677,,1
1,#makeupartist,48,#weddingmakeup,Undirected,678,,1
2,#makeuptutorial,48,#weddingmakeup,Undirected,679,,1
3,#makeup,48,#weddingmakeup,Undirected,680,,1
4,#makeupideas,48,#weddingmakeup,Undirected,681,,1
6,#fentybeauty,48,#weddingmakeup,Undirected,682,,1
7,#hudabeauty,48,#weddingmakeup,Undirected,683,,1
9,#atlmua,48,#weddingmakeup,Undirected,684,,1
10,#makeupaddict,48,#weddingmakeup,Undirected,685,,1
11,#wakeupandmakeup,48,#weddingmakeup,Undirected,686,,1
12,#makeuplooks,48,#weddingmakeup,Undirected,687,,1
13,#makeupart,48,#weddingmakeup,Undirected,688,,1
17,#bridalmakeup,48,#weddingmakeup,Undirected,689,,1
18,#glam,48,#weddingmakeup,Undirected,690,,1
21,#makeupjunkie,48,#weddingmakeup,Undirected,691,,1
22,#morphebrushes,48,#weddingmakeup,Undirected,692,,1
23,#lipstick,48,#weddingmakeup,Undirected,693,,1
24,#mua,48,#weddingmakeup,Undirected,694,,1
26,#eyeshadow,48,#weddingmakeup,Undirected,695,,1
29,#tartecosmetics,48,#weddingmakeup,Undirected,696,,1
34,#toofaced,48,#weddingmakeup,Undirected,697,,1
36,#urbandecay,48,#weddingmakeup,Undirected,698,,1
37,#fashion,48,#weddingmakeup,Undirected,699,,1
38,#mua,48,#weddingmakeup,Undirected,700,,1
41,#lipstick,48,#weddingmakeup,Undirected,701,,1
43,#benefitcosmetics,48,#weddingmakeup,Undirected,702,,1
44,#eyeshadow,48,#weddingmakeup,Undirected,703,,1
45,#makeupoftheday,48,#weddingmakeup,Undirected,704,,1
46,#maccosmetics,48,#weddingmakeup,Undirected,705,,1
5,#morphe,11,#wakeupandmakeup,Undirected,706,,2
5,#morphe,12,#makeuplooks,Undirected,707,,2
5,#morphe,13,#makeupart,Undirected,708,,2
7,#hudabeauty,14,#anastasiabeverlyhills,Undirected,709,,2
9,#atlmua,14,#anastasiabeverlyhills,Undirected,710,,2
10,#makeupaddict,14,#anastasiabeverlyhills,Undirected,711,,2
7,#hudabeauty,15,#makeuplook,Undirected,712,,2
10,#makeupaddict,15,#makeuplook,Undirected,713,,2
7,#hudabeauty,16,#beauty,Undirected,714,,2
7,#hudabeauty,17,#bridalmakeup,Undirected,715,,2
8,#bride,17,#bridalmakeup,Undirected,716,,2
10,#makeupaddict,17,#bridalmakeup,Undirected,717,,2
11,#wakeupandmakeup,17,#bridalmakeup,Undirected,718,,2
12,#makeuplooks,17,#bridalmakeup,Undirected,719,,2
14,#anastasiabeverlyhills,17,#bridalmakeup,Undirected,720,,2
7,#hudabeauty,18,#glam,Undirected,721,,2
10,#makeupaddict,18,#glam,Undirected,722,,2
11,#wakeupandmakeup,18,#glam,Undirected,723,,2
5,#morphe,19,#makeupforever,Undirected,724,,1
9,#atlmua,19,#makeupforever,Undirected,725,,1
13,#makeupart,19,#makeupforever,Undirected,726,,2
14,#anastasiabeverlyhills,19,#makeupforever,Undirected,727,,1
17,#bridalmakeup,19,#makeupforever,Undirected,728,,1
18,#glam,19,#makeupforever,Undirected,729,,1
4,#makeupideas,20,#makeuplover,Undirected,730,,2
7,#hudabeauty,20,#makeuplover,Undirected,731,,2
8,#bride,20,#makeuplover,Undirected,732,,2
12,#makeuplooks,20,#makeuplover,Undirected,733,,2
15,#makeuplook,20,#makeuplover,Undirected,734,,2
18,#glam,20,#makeuplover,Undirected,735,,2
5,#morphe,21,#makeupjunkie,Undirected,736,,2
17,#bridalmakeup,21,#makeupjunkie,Undirected,737,,1
18,#glam,21,#makeupjunkie,Undirected,738,,1
15,#makeuplook,23,#lipstick,Undirected,739,,2
18,#glam,23,#lipstick,Undirected,740,,2
4,#makeupideas,24,#mua,Undirected,741,,2
5,#morphe,24,#mua,Undirected,742,,2
8,#bride,24,#mua,Undirected,743,,2
14,#anastasiabeverlyhills,24,#mua,Undirected,744,,2
15,#makeuplook,24,#mua,Undirected,745,,2
17,#bridalmakeup,24,#mua,Undirected,746,,2
6,#fentybeauty,25,#makeupbyme,Undirected,747,,2
7,#hudabeauty,25,#makeupbyme,Undirected,748,,2
8,#bride,25,#makeupbyme,Undirected,749,,1
12,#makeuplooks,25,#makeupbyme,Undirected,750,,2
13,#makeupart,25,#makeupbyme,Undirected,751,,2
15,#makeuplook,25,#makeupbyme,Undirected,752,,2
19,#makeupforever,25,#makeupbyme,Undirected,753,,2
15,#makeuplook,26,#eyeshadow,Undirected,754,,2
17,#bridalmakeup,26,#eyeshadow,Undirected,755,,2
5,#morphe,14,#anastasiabeverlyhills,Undirected,756,,1
8,#bride,18,#glam,Undirected,757,,1
14,#anastasiabeverlyhills,18,#glam,Undirected,758,,1
12,#makeuplooks,19,#makeupforever,Undirected,759,,1
15,#makeuplook,21,#makeupjunkie,Undirected,760,,1
14,#anastasiabeverlyhills,22,#morphebrushes,Undirected,761,,1
14,#anastasiabeverlyhills,23,#lipstick,Undirected,762,,1
17,#bridalmakeup,23,#lipstick,Undirected,763,,1
6,#fentybeauty,24,#mua,Undirected,764,,1
6,#fentybeauty,26,#eyeshadow,Undirected,765,,1
4,#makeupideas,27,#makeupoftheday,Undirected,766,,1
6,#fentybeauty,27,#makeupoftheday,Undirected,767,,1
7,#hudabeauty,27,#makeupoftheday,Undirected,768,,1
8,#bride,27,#makeupoftheday,Undirected,769,,1
10,#makeupaddict,27,#makeupoftheday,Undirected,770,,1
15,#makeuplook,27,#makeupoftheday,Undirected,771,,1
16,#beauty,27,#makeupoftheday,Undirected,772,,1
17,#bridalmakeup,27,#makeupoftheday,Undirected,773,,1
19,#makeupforever,27,#makeupoftheday,Undirected,774,,1
20,#makeuplover,27,#makeupoftheday,Undirected,775,,1
23,#lipstick,27,#makeupoftheday,Undirected,776,,1
24,#mua,27,#makeupoftheday,Undirected,777,,1
25,#makeupbyme,27,#makeupoftheday,Undirected,778,,1
4,#makeupideas,28,#maccosmetics,Undirected,779,,1
6,#fentybeauty,28,#maccosmetics,Undirected,780,,1
7,#hudabeauty,28,#maccosmetics,Undirected,781,,1
8,#bride,28,#maccosmetics,Undirected,782,,1
10,#makeupaddict,28,#maccosmetics,Undirected,783,,1
15,#makeuplook,28,#maccosmetics,Undirected,784,,1
16,#beauty,28,#maccosmetics,Undirected,785,,1
17,#bridalmakeup,28,#maccosmetics,Undirected,786,,1
20,#makeuplover,28,#maccosmetics,Undirected,787,,1
22,#morphebrushes,28,#maccosmetics,Undirected,788,,1
23,#lipstick,28,#maccosmetics,Undirected,789,,1
24,#mua,28,#maccosmetics,Undirected,790,,1
25,#makeupbyme,28,#maccosmetics,Undirected,791,,1
7,#hudabeauty,29,#tartecosmetics,Undirected,792,,1
16,#beauty,29,#tartecosmetics,Undirected,793,,1
24,#mua,29,#tartecosmetics,Undirected,794,,1